Date,Quantity,Revenue,DayOfWeek,Month,Quarter,Year,Lag_1,Lag_7,Rolling_7,Forecast_Demand,Current_Stock,Inventory_Demand_Gap,Stock_Coverage_Days,Risk,Recommendation,Inventory_Assumption
2009-12-08,23143,49476.23,1,12,4,2009,17955.0,26098.0,23277.14285714286,23143,34916.0,11773.0,1.51,Healthy,Maintain current inventory,Estimated from recent demand; Online Retail II has no stock snapshots
2009-12-09,17840,40265.66,2,12,4,2009,23143.0,31804.0,22855.0,17840,34282.0,16442.0,1.92,Healthy,Maintain current inventory,Estimated from recent demand; Online Retail II has no stock snapshots
2009-12-10,23579,44233.96,3,12,4,2009,17840.0,49221.0,20860.14285714286,23579,31290.0,7711.0,1.33,Healthy,Maintain current inventory,Estimated from recent demand; Online Retail II has no stock snapshots
2009-12-11,21268,39447.89,4,12,4,2009,23579.0,21210.0,17197.0,21268,25796.0,4528.0,1.21,Healthy,Maintain current inventory,Estimated from recent demand; Online Retail II has no stock snapshots
2009-12-13,12517,22176.46,6,12,4,2009,21268.0,5119.0,17205.285714285714,12517,25808.0,13291.0,2.06,Overstock Risk,Reduce replenishment / promotional action,Estimated from recent demand; Online Retail II has no stock snapshots
2009-12-14,45332,73174.39,0,12,4,2009,12517.0,11533.0,18262.14285714286,45332,27393.0,-17939.0,0.6,Stockout Risk,Increase replenishment,Estimated from recent demand; Online Retail II has no stock snapshots
2009-12-15,27064,50262.29,1,12,4,2009,45332.0,17955.0,23090.571428571428,27064,34636.0,7572.0,1.28,Healthy,Maintain current inventory,Estimated from recent demand; Online Retail II has no stock snapshots
2009-12-16,24891,52545.55,2,12,4,2009,27064.0,23143.0,24391.85714285714,24891,36588.0,11697.0,1.47,Healthy,Maintain current inventory,Estimated from recent demand; Online Retail II has no stock snapshots
2009-12-17,15413,30638.25,3,12,4,2009,24891.0,17840.0,24641.571428571428,15413,36962.0,21549.0,2.4,Overstock Risk,Reduce replenishment / promotional action,Estimated from recent demand; Online Retail II has no stock snapshots
2009-12-18,17402,42470.29,4,12,4,2009,15413.0,23579.0,24294.85714285714,17402,36442.0,19040.0,2.09,Overstock Risk,Reduce replenishment / promotional action,Estimated from recent demand; Online Retail II has no stock snapshots
2009-12-20,6245,11382.54,6,12,4,2009,17402.0,21268.0,23412.428571428572,6245,35119.0,28874.0,5.62,Overstock Risk,Reduce replenishment / promotional action,Estimated from recent demand; Online Retail II has no stock snapshots
2009-12-21,8771,16322.95,0,12,4,2009,6245.0,12517.0,21266.285714285714,8771,31899.0,23128.0,3.64,Overstock Risk,Reduce replenishment / promotional action,Estimated from recent demand; Online Retail II has no stock snapshots
2009-12-22,14478,28017.28,1,12,4,2009,8771.0,45332.0,20731.14285714286,14478,31097.0,16619.0,2.15,Overstock Risk,Reduce replenishment / promotional action,Estimated from recent demand; Online Retail II has no stock snapshots
2009-12-23,4578,10849.35,2,12,4,2009,14478.0,27064.0,16323.42857142857,4578,24485.0,19907.0,5.35,Overstock Risk,Reduce replenishment / promotional action,Estimated from recent demand; Online Retail II has no stock snapshots
2010-01-04,10646,13445.800000000001,0,1,1,2010,4578.0,24891.0,13111.142857142857,10646,19667.0,9021.0,1.85,Healthy,Maintain current inventory,Estimated from recent demand; Online Retail II has no stock snapshots
2010-01-05,11296,19114.34,1,1,1,2010,10646.0,15413.0,11076.142857142857,11296,16614.0,5318.0,1.47,Healthy,Maintain current inventory,Estimated from recent demand; Online Retail II has no stock snapshots
2010-01-06,7459,8736.75,2,1,1,2010,11296.0,17402.0,10488.0,7459,15732.0,8273.0,2.11,Overstock Risk,Reduce replenishment / promotional action,Estimated from recent demand; Online Retail II has no stock snapshots
2010-01-07,40614,73039.89,3,1,1,2010,7459.0,6245.0,9067.57142857143,40614,13601.0,-27013.0,0.33,Stockout Risk,Increase replenishment,Estimated from recent demand; Online Retail II has no stock snapshots
2010-01-08,12695,30293.95,4,1,1,2010,40614.0,8771.0,13977.42857142857,12695,20966.0,8271.0,1.65,Healthy,Maintain current inventory,Estimated from recent demand; Online Retail II has no stock snapshots
2010-01-10,13383,23597.85,6,1,1,2010,12695.0,14478.0,14538.0,13383,21807.0,8424.0,1.63,Healthy,Maintain current inventory,Estimated from recent demand; Online Retail II has no stock snapshots
2010-01-11,13980,37886.41,0,1,1,2010,13383.0,4578.0,14381.57142857143,13980,21572.0,7592.0,1.54,Healthy,Maintain current inventory,Estimated from recent demand; Online Retail II has no stock snapshots
2010-01-12,21264,40786.98,1,1,1,2010,13980.0,10646.0,15724.714285714286,21264,23587.0,2323.0,1.11,Healthy,Maintain current inventory,Estimated from recent demand; Online Retail II has no stock snapshots
2010-01-13,8835,22470.18,2,1,1,2010,21264.0,11296.0,17241.571428571428,8835,25862.0,17027.0,2.93,Overstock Risk,Reduce replenishment / promotional action,Estimated from recent demand; Online Retail II has no stock snapshots
2010-01-14,13784,31550.9,3,1,1,2010,8835.0,7459.0,16890.0,13784,25335.0,11551.0,1.84,Healthy,Maintain current inventory,Estimated from recent demand; Online Retail II has no stock snapshots
2010-01-15,8419,13507.9,4,1,1,2010,13784.0,40614.0,17793.571428571428,8419,26690.0,18271.0,3.17,Overstock Risk,Reduce replenishment / promotional action,Estimated from recent demand; Online Retail II has no stock snapshots
2010-01-17,9911,17393.2,6,1,1,2010,8419.0,12695.0,13194.285714285714,9911,19791.0,9880.0,2.0,Healthy,Maintain current inventory,Estimated from recent demand; Online Retail II has no stock snapshots
2010-01-18,10333,21397.71,0,1,1,2010,9911.0,13383.0,12796.57142857143,10333,19195.0,8862.0,1.86,Healthy,Maintain current inventory,Estimated from recent demand; Online Retail II has no stock snapshots
2010-01-19,15274,33233.881,1,1,1,2010,10333.0,13980.0,12360.857142857143,15274,18541.0,3267.0,1.21,Healthy,Maintain current inventory,Estimated from recent demand; Online Retail II has no stock snapshots
2010-01-20,9477,19018.04,2,1,1,2010,15274.0,21264.0,12545.714285714286,9477,18819.0,9342.0,1.99,Healthy,Maintain current inventory,Estimated from recent demand; Online Retail II has no stock snapshots
2010-01-21,72900,27359.23,3,1,1,2010,9477.0,8835.0,10861.857142857143,72900,16293.0,-56607.0,0.22,Stockout Risk,Increase replenishment,Estimated from recent demand; Online Retail II has no stock snapshots
2010-01-22,18573,36786.17,4,1,1,2010,72900.0,13784.0,20014.0,18573,30021.0,11448.0,1.62,Healthy,Maintain current inventory,Estimated from recent demand; Online Retail II has no stock snapshots
2010-01-24,8846,15930.84,6,1,1,2010,18573.0,8419.0,20698.14285714286,8846,31047.0,22201.0,3.51,Overstock Risk,Reduce replenishment / promotional action,Estimated from recent demand; Online Retail II has no stock snapshots
2010-01-25,10038,22994.15,0,1,1,2010,8846.0,9911.0,20759.14285714286,10038,31139.0,21101.0,3.1,Overstock Risk,Reduce replenishment / promotional action,Estimated from recent demand; Online Retail II has no stock snapshots
2010-01-26,22968,47166.99,1,1,1,2010,10038.0,10333.0,20777.285714285714,22968,31166.0,8198.0,1.36,Healthy,Maintain current inventory,Estimated from recent demand; Online Retail II has no stock snapshots
2010-01-27,17837,28668.3,2,1,1,2010,22968.0,15274.0,22582.285714285714,17837,33873.0,16036.0,1.9,Healthy,Maintain current inventory,Estimated from recent demand; Online Retail II has no stock snapshots
2010-01-28,11243,19816.87,3,1,1,2010,17837.0,9477.0,22948.428571428572,11243,34423.0,23180.0,3.06,Overstock Risk,Reduce replenishment / promotional action,Estimated from recent demand; Online Retail II has no stock snapshots
2010-01-29,10162,28358.431,4,1,1,2010,11243.0,72900.0,23200.714285714286,10162,34801.0,24639.0,3.42,Overstock Risk,Reduce replenishment / promotional action,Estimated from recent demand; Online Retail II has no stock snapshots
2010-01-31,10735,18600.35,6,1,1,2010,10162.0,18573.0,14238.142857142857,10735,21357.0,10622.0,1.99,Healthy,Maintain current inventory,Estimated from recent demand; Online Retail II has no stock snapshots
2010-02-01,9251,19784.231,0,2,1,2010,10735.0,8846.0,13118.42857142857,9251,19678.0,10427.0,2.13,Overstock Risk,Reduce replenishment / promotional action,Estimated from recent demand; Online Retail II has no stock snapshots
2010-02-02,11094,21513.02,1,2,1,2010,9251.0,10038.0,13176.285714285714,11094,19764.0,8670.0,1.78,Healthy,Maintain current inventory,Estimated from recent demand; Online Retail II has no stock snapshots
2010-02-03,10285,21414.701,2,2,1,2010,11094.0,22968.0,13327.142857142857,10285,19991.0,9706.0,1.94,Healthy,Maintain current inventory,Estimated from recent demand; Online Retail II has no stock snapshots
2010-02-04,12798,22500.71,3,2,1,2010,10285.0,17837.0,11515.285714285714,12798,17273.0,4475.0,1.35,Healthy,Maintain current inventory,Estimated from recent demand; Online Retail II has no stock snapshots
2010-02-05,10342,21844.6,4,2,1,2010,12798.0,11243.0,10795.42857142857,10342,16193.0,5851.0,1.57,Healthy,Maintain current inventory,Estimated from recent demand; Online Retail II has no stock snapshots
2010-02-07,11186,17026.83,6,2,1,2010,10342.0,10162.0,10666.714285714286,11186,16000.0,4814.0,1.43,Healthy,Maintain current inventory,Estimated from recent demand; Online Retail II has no stock snapshots
2010-02-08,8616,17407.0,0,2,1,2010,11186.0,10735.0,10813.0,8616,16220.0,7604.0,1.88,Healthy,Maintain current inventory,Estimated from recent demand; Online Retail II has no stock snapshots
2010-02-09,10891,19618.82,1,2,1,2010,8616.0,9251.0,10510.285714285714,10891,15765.0,4874.0,1.45,Healthy,Maintain current inventory,Estimated from recent demand; Online Retail II has no stock snapshots
2010-02-10,3761,9542.04,2,2,1,2010,10891.0,11094.0,10744.57142857143,3761,16117.0,12356.0,4.29,Overstock Risk,Reduce replenishment / promotional action,Estimated from recent demand; Online Retail II has no stock snapshots
2010-02-11,9035,15080.27,3,2,1,2010,3761.0,10285.0,9697.0,9035,14546.0,5511.0,1.61,Healthy,Maintain current inventory,Estimated from recent demand; Online Retail II has no stock snapshots
2010-02-12,7652,11380.41,4,2,1,2010,9035.0,12798.0,9518.42857142857,7652,14278.0,6626.0,1.87,Healthy,Maintain current inventory,Estimated from recent demand; Online Retail II has no stock snapshots
2010-02-14,10895,17785.58,6,2,1,2010,7652.0,10342.0,8783.285714285714,10895,13175.0,2280.0,1.21,Healthy,Maintain current inventory,Estimated from recent demand; Online Retail II has no stock snapshots
2010-02-15,96425,42469.531,0,2,1,2010,10895.0,11186.0,8862.285714285714,96425,13293.0,-83132.0,0.14,Stockout Risk,Increase replenishment,Estimated from recent demand; Online Retail II has no stock snapshots
2010-02-16,16711,31144.43,1,2,1,2010,96425.0,8616.0,21039.285714285714,16711,31559.0,14848.0,1.89,Healthy,Maintain current inventory,Estimated from recent demand; Online Retail II has no stock snapshots
2010-02-17,25014,26512.72,2,2,1,2010,16711.0,10891.0,22195.714285714286,25014,33294.0,8280.0,1.33,Healthy,Maintain current inventory,Estimated from recent demand; Online Retail II has no stock snapshots
2010-02-18,19853,35750.14,3,2,1,2010,25014.0,3761.0,24213.285714285714,19853,36320.0,16467.0,1.83,Healthy,Maintain current inventory,Estimated from recent demand; Online Retail II has no stock snapshots
2010-02-19,12611,27225.01,4,2,1,2010,19853.0,9035.0,26512.14285714286,12611,39768.0,27157.0,3.15,Overstock Risk,Reduce replenishment / promotional action,Estimated from recent demand; Online Retail II has no stock snapshots
2010-02-21,5555,11394.731,6,2,1,2010,12611.0,7652.0,27023.0,5555,40534.0,34979.0,7.3,Overstock Risk,Reduce replenishment / promotional action,Estimated from recent demand; Online Retail II has no stock snapshots
2010-02-22,13427,26353.58,0,2,1,2010,5555.0,10895.0,26723.428571428572,13427,40085.0,26658.0,2.99,Overstock Risk,Reduce replenishment / promotional action,Estimated from recent demand; Online Retail II has no stock snapshots
2010-02-23,11873,22651.17,1,2,1,2010,13427.0,96425.0,27085.14285714286,11873,40628.0,28755.0,3.42,Overstock Risk,Reduce replenishment / promotional action,Estimated from recent demand; Online Retail II has no stock snapshots
2010-02-24,22454,33065.091,2,2,1,2010,11873.0,16711.0,15006.285714285714,22454,22509.0,55.0,1.0,Healthy,Maintain current inventory,Estimated from recent demand; Online Retail II has no stock snapshots
2010-02-25,26312,46615.67,3,2,1,2010,22454.0,25014.0,15826.714285714286,26312,23740.0,-2572.0,0.9,Stockout Risk,Increase replenishment,Estimated from recent demand; Online Retail II has no stock snapshots
2010-02-26,7419,16682.951,4,2,1,2010,26312.0,19853.0,16012.142857142857,7419,24018.0,16599.0,3.24,Overstock Risk,Reduce replenishment / promotional action,Estimated from recent demand; Online Retail II has no stock snapshots
2010-02-28,8419,16741.49,6,2,1,2010,7419.0,12611.0,14235.857142857143,8419,21354.0,12935.0,2.54,Overstock Risk,Reduce replenishment / promotional action,Estimated from recent demand; Online Retail II has no stock snapshots
2010-03-01,21448,25782.41,0,3,1,2010,8419.0,5555.0,13637.0,21448,20456.0,-992.0,0.95,Stockout Risk,Increase replenishment,Estimated from recent demand; Online Retail II has no stock snapshots
2010-03-02,11897,26384.14,1,3,1,2010,21448.0,13427.0,15907.42857142857,11897,23861.0,11964.0,2.01,Overstock Risk,Reduce replenishment / promotional action,Estimated from recent demand; Online Retail II has no stock snapshots
2010-03-03,20381,34058.37,2,3,1,2010,11897.0,11873.0,15688.857142857143,20381,23533.0,3152.0,1.15,Healthy,Maintain current inventory,Estimated from recent demand; Online Retail II has no stock snapshots
2010-03-04,18546,32298.39,3,3,1,2010,20381.0,22454.0,16904.285714285714,18546,25356.0,6810.0,1.37,Healthy,Maintain current inventory,Estimated from recent demand; Online Retail II has no stock snapshots
2010-03-05,18260,27536.73,4,3,1,2010,18546.0,26312.0,16346.0,18260,24519.0,6259.0,1.34,Healthy,Maintain current inventory,Estimated from recent demand; Online Retail II has no stock snapshots
2010-03-07,10927,19805.55,6,3,1,2010,18260.0,7419.0,15195.714285714286,10927,22794.0,11867.0,2.09,Overstock Risk,Reduce replenishment / promotional action,Estimated from recent demand; Online Retail II has no stock snapshots
2010-03-08,15620,37254.31,0,3,1,2010,10927.0,8419.0,15696.857142857143,15620,23545.0,7925.0,1.51,Healthy,Maintain current inventory,Estimated from recent demand; Online Retail II has no stock snapshots
2010-03-09,12353,21999.6,1,3,1,2010,15620.0,21448.0,16725.571428571428,12353,25088.0,12735.0,2.03,Overstock Risk,Reduce replenishment / promotional action,Estimated from recent demand; Online Retail II has no stock snapshots
2010-03-10,18013,27453.03,2,3,1,2010,12353.0,11897.0,15426.285714285714,18013,23139.0,5126.0,1.28,Healthy,Maintain current inventory,Estimated from recent demand; Online Retail II has no stock snapshots
2010-03-11,14179,24495.36,3,3,1,2010,18013.0,20381.0,16300.0,14179,24450.0,10271.0,1.72,Healthy,Maintain current inventory,Estimated from recent demand; Online Retail II has no stock snapshots
2010-03-12,11029,21689.34,4,3,1,2010,14179.0,18546.0,15414.0,11029,23121.0,12092.0,2.1,Overstock Risk,Reduce replenishment / promotional action,Estimated from recent demand; Online Retail II has no stock snapshots
2010-03-14,4927,8947.9,6,3,1,2010,11029.0,18260.0,14340.142857142857,4927,21510.0,16583.0,4.37,Overstock Risk,Reduce replenishment / promotional action,Estimated from recent demand; Online Retail II has no stock snapshots
2010-03-15,15166,27587.701,0,3,1,2010,4927.0,10927.0,12435.42857142857,15166,18653.0,3487.0,1.23,Healthy,Maintain current inventory,Estimated from recent demand; Online Retail II has no stock snapshots
2010-03-16,12845,23955.88,1,3,1,2010,15166.0,15620.0,13041.0,12845,19562.0,6717.0,1.52,Healthy,Maintain current inventory,Estimated from recent demand; Online Retail II has no stock snapshots
2010-03-17,78859,30719.54,2,3,1,2010,12845.0,12353.0,12644.57142857143,78859,18967.0,-59892.0,0.24,Stockout Risk,Increase replenishment,Estimated from recent demand; Online Retail II has no stock snapshots
2010-03-18,23659,41086.47,3,3,1,2010,78859.0,18013.0,22145.428571428572,23659,33218.0,9559.0,1.4,Healthy,Maintain current inventory,Estimated from recent demand; Online Retail II has no stock snapshots
2010-03-19,13368,45641.61,4,3,1,2010,23659.0,14179.0,22952.0,13368,34428.0,21060.0,2.58,Overstock Risk,Reduce replenishment / promotional action,Estimated from recent demand; Online Retail II has no stock snapshots
2010-03-21,12281,20522.53,6,3,1,2010,13368.0,11029.0,22836.14285714286,12281,34254.0,21973.0,2.79,Overstock Risk,Reduce replenishment / promotional action,Estimated from recent demand; Online Retail II has no stock snapshots
2010-03-22,12821,25441.66,0,3,1,2010,12281.0,4927.0,23015.0,12821,34522.0,21701.0,2.69,Overstock Risk,Reduce replenishment / promotional action,Estimated from recent demand; Online Retail II has no stock snapshots
2010-03-23,54452,56400.48,1,3,1,2010,12821.0,15166.0,24142.714285714286,54452,36214.0,-18238.0,0.67,Stockout Risk,Increase replenishment,Estimated from recent demand; Online Retail II has no stock snapshots
2010-03-24,14409,30118.4,2,3,1,2010,54452.0,12845.0,29755.0,14409,44632.0,30223.0,3.1,Overstock Risk,Reduce replenishment / promotional action,Estimated from recent demand; Online Retail II has no stock snapshots
2010-03-25,17094,38826.8,3,3,1,2010,14409.0,78859.0,29978.428571428572,17094,44968.0,27874.0,2.63,Overstock Risk,Reduce replenishment / promotional action,Estimated from recent demand; Online Retail II has no stock snapshots
2010-03-26,20924,32523.46,4,3,1,2010,17094.0,23659.0,21154.85714285714,20924,31732.0,10808.0,1.52,Healthy,Maintain current inventory,Estimated from recent demand; Online Retail II has no stock snapshots
2010-03-28,14517,22402.0,6,3,1,2010,20924.0,13368.0,20764.14285714286,14517,31146.0,16629.0,2.15,Overstock Risk,Reduce replenishment / promotional action,Estimated from recent demand; Online Retail II has no stock snapshots
2010-03-29,25151,59864.07,0,3,1,2010,14517.0,12281.0,20928.285714285714,25151,31392.0,6241.0,1.25,Healthy,Maintain current inventory,Estimated from recent demand; Online Retail II has no stock snapshots
2010-03-30,19258,38506.0,1,3,1,2010,25151.0,12821.0,22766.85714285714,19258,34150.0,14892.0,1.77,Healthy,Maintain current inventory,Estimated from recent demand; Online Retail II has no stock snapshots
2010-03-31,13642,29613.53,2,3,1,2010,19258.0,54452.0,23686.428571428572,13642,35530.0,21888.0,2.6,Overstock Risk,Reduce replenishment / promotional action,Estimated from recent demand; Online Retail II has no stock snapshots
2010-04-01,17291,30768.0,3,4,2,2010,13642.0,14409.0,17856.428571428572,17291,26785.0,9494.0,1.55,Healthy,Maintain current inventory,Estimated from recent demand; Online Retail II has no stock snapshots
2010-04-06,13022,19394.87,1,4,2,2010,17291.0,17094.0,18268.14285714286,13022,27402.0,14380.0,2.1,Overstock Risk,Reduce replenishment / promotional action,Estimated from recent demand; Online Retail II has no stock snapshots
2010-04-07,23528,34542.31,2,4,2,2010,13022.0,20924.0,17686.428571428572,23528,26530.0,3002.0,1.13,Healthy,Maintain current inventory,Estimated from recent demand; Online Retail II has no stock snapshots
2010-04-08,26803,47554.84,3,4,2,2010,23528.0,14517.0,18058.428571428572,26803,27088.0,285.0,1.01,Healthy,Maintain current inventory,Estimated from recent demand; Online Retail II has no stock snapshots
2010-04-09,9120,16949.62,4,4,2,2010,26803.0,25151.0,19813.571428571428,9120,29720.0,20600.0,3.26,Overstock Risk,Reduce replenishment / promotional action,Estimated from recent demand; Online Retail II has no stock snapshots
2010-04-11,11585,19732.05,6,4,2,2010,9120.0,19258.0,17523.428571428572,11585,26285.0,14700.0,2.27,Overstock Risk,Reduce replenishment / promotional action,Estimated from recent demand; Online Retail II has no stock snapshots
2010-04-12,12839,27122.851,0,4,2,2010,11585.0,13642.0,16427.285714285714,12839,24641.0,11802.0,1.92,Healthy,Maintain current inventory,Estimated from recent demand; Online Retail II has no stock snapshots
2010-04-13,14446,25966.670000000002,1,4,2,2010,12839.0,17291.0,16312.57142857143,14446,24469.0,10023.0,1.69,Healthy,Maintain current inventory,Estimated from recent demand; Online Retail II has no stock snapshots
2010-04-14,16329,27064.35,2,4,2,2010,14446.0,13022.0,15906.142857142857,16329,23859.0,7530.0,1.46,Healthy,Maintain current inventory,Estimated from recent demand; Online Retail II has no stock snapshots
2010-04-15,10769,29559.63,3,4,2,2010,16329.0,23528.0,16378.57142857143,10769,24568.0,13799.0,2.28,Overstock Risk,Reduce replenishment / promotional action,Estimated from recent demand; Online Retail II has no stock snapshots
2010-04-16,14865,19508.45,4,4,2,2010,10769.0,26803.0,14555.857142857143,14865,21834.0,6969.0,1.47,Healthy,Maintain current inventory,Estimated from recent demand; Online Retail II has no stock snapshots
2010-04-18,12961,23934.46,6,4,2,2010,14865.0,9120.0,12850.42857142857,12961,19276.0,6315.0,1.49,Healthy,Maintain current inventory,Estimated from recent demand; Online Retail II has no stock snapshots
2010-04-19,19363,45228.87,0,4,2,2010,12961.0,11585.0,13399.142857142857,19363,20099.0,736.0,1.04,Healthy,Maintain current inventory,Estimated from recent demand; Online Retail II has no stock snapshots
2010-04-20,13464,29083.36,1,4,2,2010,19363.0,12839.0,14510.285714285714,13464,21765.0,8301.0,1.62,Healthy,Maintain current inventory,Estimated from recent demand; Online Retail II has no stock snapshots
2010-04-21,13264,29380.61,2,4,2,2010,13464.0,14446.0,14599.57142857143,13264,21899.0,8635.0,1.65,Healthy,Maintain current inventory,Estimated from recent demand; Online Retail II has no stock snapshots
2010-04-22,21576,43480.08,3,4,2,2010,13264.0,16329.0,14430.714285714286,21576,21646.0,70.0,1.0,Healthy,Maintain current inventory,Estimated from recent demand; Online Retail II has no stock snapshots
2010-04-23,10212,16582.71,4,4,2,2010,21576.0,10769.0,15180.285714285714,10212,22770.0,12558.0,2.23,Overstock Risk,Reduce replenishment / promotional action,Estimated from recent demand; Online Retail II has no stock snapshots
2010-04-25,8380,16574.53,6,4,2,2010,10212.0,14865.0,15100.714285714286,8380,22651.0,14271.0,2.7,Overstock Risk,Reduce replenishment / promotional action,Estimated from recent demand; Online Retail II has no stock snapshots
2010-04-26,19555,36086.35,0,4,2,2010,8380.0,12961.0,14174.285714285714,19555,21261.0,1706.0,1.09,Healthy,Maintain current inventory,Estimated from recent demand; Online Retail II has no stock snapshots
2010-04-27,23403,46110.74,1,4,2,2010,19555.0,19363.0,15116.285714285714,23403,22674.0,-729.0,0.97,Stockout Risk,Increase replenishment,Estimated from recent demand; Online Retail II has no stock snapshots
2010-04-28,19380,32452.69,2,4,2,2010,23403.0,13464.0,15693.42857142857,19380,23540.0,4160.0,1.21,Healthy,Maintain current inventory,Estimated from recent demand; Online Retail II has no stock snapshots
2010-04-29,17039,32709.821,3,4,2,2010,19380.0,13264.0,16538.571428571428,17039,24808.0,7769.0,1.46,Healthy,Maintain current inventory,Estimated from recent demand; Online Retail II has no stock snapshots
2010-04-30,17511,29087.39,4,4,2,2010,17039.0,21576.0,17077.85714285714,17511,25617.0,8106.0,1.46,Healthy,Maintain current inventory,Estimated from recent demand; Online Retail II has no stock snapshots
2010-05-02,6296,12342.17,6,5,2,2010,17511.0,10212.0,16497.14285714286,6296,24746.0,18450.0,3.93,Overstock Risk,Reduce replenishment / promotional action,Estimated from recent demand; Online Retail II has no stock snapshots
2010-05-04,11192,22701.79,1,5,2,2010,6296.0,8380.0,15937.714285714286,11192,23907.0,12715.0,2.14,Overstock Risk,Reduce replenishment / promotional action,Estimated from recent demand; Online Retail II has no stock snapshots
2010-05-05,15625,28100.920000000002,2,5,2,2010,11192.0,19555.0,16339.42857142857,15625,24509.0,8884.0,1.57,Healthy,Maintain current inventory,Estimated from recent demand; Online Retail II has no stock snapshots
2010-05-06,31089,54582.2,3,5,2,2010,15625.0,23403.0,15778.0,31089,23667.0,-7422.0,0.76,Stockout Risk,Increase replenishment,Estimated from recent demand; Online Retail II has no stock snapshots
2010-05-07,23171,35744.13,4,5,2,2010,31089.0,19380.0,16876.0,23171,25314.0,2143.0,1.09,Healthy,Maintain current inventory,Estimated from recent demand; Online Retail II has no stock snapshots
2010-05-09,11825,22852.06,6,5,2,2010,23171.0,17039.0,17417.571428571428,11825,26126.0,14301.0,2.21,Overstock Risk,Reduce replenishment / promotional action,Estimated from recent demand; Online Retail II has no stock snapshots
2010-05-10,15713,32905.93,0,5,2,2010,11825.0,17511.0,16672.714285714286,15713,25009.0,9296.0,1.59,Healthy,Maintain current inventory,Estimated from recent demand; Online Retail II has no stock snapshots
2010-05-11,18150,28722.09,1,5,2,2010,15713.0,6296.0,16415.85714285714,18150,24624.0,6474.0,1.36,Healthy,Maintain current inventory,Estimated from recent demand; Online Retail II has no stock snapshots
2010-05-12,21669,31357.44,2,5,2,2010,18150.0,11192.0,18109.285714285714,21669,27164.0,5495.0,1.25,Healthy,Maintain current inventory,Estimated from recent demand; Online Retail II has no stock snapshots
2010-05-13,26817,41041.6,3,5,2,2010,21669.0,15625.0,19606.0,26817,29409.0,2592.0,1.1,Healthy,Maintain current inventory,Estimated from recent demand; Online Retail II has no stock snapshots
2010-05-14,14348,18873.96,4,5,2,2010,26817.0,31089.0,21204.85714285714,14348,31807.0,17459.0,2.22,Overstock Risk,Reduce replenishment / promotional action,Estimated from recent demand; Online Retail II has no stock snapshots
2010-05-16,11028,18370.09,6,5,2,2010,14348.0,23171.0,18813.285714285714,11028,28220.0,17192.0,2.56,Overstock Risk,Reduce replenishment / promotional action,Estimated from recent demand; Online Retail II has no stock snapshots
2010-05-17,13811,25513.64,0,5,2,2010,11028.0,11825.0,17078.571428571428,13811,25618.0,11807.0,1.85,Healthy,Maintain current inventory,Estimated from recent demand; Online Retail II has no stock snapshots
2010-05-18,22477,28911.53,1,5,2,2010,13811.0,15713.0,17362.285714285714,22477,26043.0,3566.0,1.16,Healthy,Maintain current inventory,Estimated from recent demand; Online Retail II has no stock snapshots
2010-05-19,9644,17696.18,2,5,2,2010,22477.0,18150.0,18328.571428571428,9644,27493.0,17849.0,2.85,Overstock Risk,Reduce replenishment / promotional action,Estimated from recent demand; Online Retail II has no stock snapshots
2010-05-20,15590,25679.04,3,5,2,2010,9644.0,21669.0,17113.428571428572,15590,25670.0,10080.0,1.65,Healthy,Maintain current inventory,Estimated from recent demand; Online Retail II has no stock snapshots
2010-05-21,10076,27275.22,4,5,2,2010,15590.0,26817.0,16245.0,10076,24368.0,14292.0,2.42,Overstock Risk,Reduce replenishment / promotional action,Estimated from recent demand; Online Retail II has no stock snapshots
2010-05-23,13889,25127.13,6,5,2,2010,10076.0,14348.0,13853.42857142857,13889,20780.0,6891.0,1.5,Healthy,Maintain current inventory,Estimated from recent demand; Online Retail II has no stock snapshots
2010-05-24,32771,35787.18,0,5,2,2010,13889.0,11028.0,13787.857142857143,32771,20682.0,-12089.0,0.63,Stockout Risk,Increase replenishment,Estimated from recent demand; Online Retail II has no stock snapshots
2010-05-25,15014,22364.37,1,5,2,2010,32771.0,13811.0,16894.0,15014,25341.0,10327.0,1.69,Healthy,Maintain current inventory,Estimated from recent demand; Online Retail II has no stock snapshots
2010-05-26,18921,38397.29,2,5,2,2010,15014.0,22477.0,17065.85714285714,18921,25599.0,6678.0,1.35,Healthy,Maintain current inventory,Estimated from recent demand; Online Retail II has no stock snapshots
2010-05-27,17905,30802.74,3,5,2,2010,18921.0,9644.0,16557.85714285714,17905,24837.0,6932.0,1.39,Healthy,Maintain current inventory,Estimated from recent demand; Online Retail II has no stock snapshots
2010-05-28,12627,21823.33,4,5,2,2010,17905.0,15590.0,17738.0,12627,26607.0,13980.0,2.11,Overstock Risk,Reduce replenishment / promotional action,Estimated from recent demand; Online Retail II has no stock snapshots
2010-05-30,6220,10733.47,6,5,2,2010,12627.0,10076.0,17314.714285714286,6220,25972.0,19752.0,4.18,Overstock Risk,Reduce replenishment / promotional action,Estimated from recent demand; Online Retail II has no stock snapshots
2010-06-01,8287,15634.28,1,6,2,2010,6220.0,13889.0,16763.85714285714,8287,25146.0,16859.0,3.03,Overstock Risk,Reduce replenishment / promotional action,Estimated from recent demand; Online Retail II has no stock snapshots
2010-06-02,11808,16172.54,2,6,2,2010,8287.0,32771.0,15963.57142857143,11808,23945.0,12137.0,2.03,Overstock Risk,Reduce replenishment / promotional action,Estimated from recent demand; Online Retail II has no stock snapshots
2010-06-03,17585,29509.13,3,6,2,2010,11808.0,15014.0,12968.857142857143,17585,19453.0,1868.0,1.11,Healthy,Maintain current inventory,Estimated from recent demand; Online Retail II has no stock snapshots
2010-06-04,8167,21251.2,4,6,2,2010,17585.0,18921.0,13336.142857142857,8167,20004.0,11837.0,2.45,Overstock Risk,Reduce replenishment / promotional action,Estimated from recent demand; Online Retail II has no stock snapshots
2010-06-06,14079,25457.15,6,6,2,2010,8167.0,17905.0,11799.857142857143,14079,17700.0,3621.0,1.26,Healthy,Maintain current inventory,Estimated from recent demand; Online Retail II has no stock snapshots
2010-06-07,29457,49454.92,0,6,2,2010,14079.0,12627.0,11253.285714285714,29457,16880.0,-12577.0,0.57,Stockout Risk,Increase replenishment,Estimated from recent demand; Online Retail II has no stock snapshots
2010-06-08,25848,54216.99,1,6,2,2010,29457.0,6220.0,13657.57142857143,25848,20486.0,-5362.0,0.79,Stockout Risk,Increase replenishment,Estimated from recent demand; Online Retail II has no stock snapshots
2010-06-09,25410,38298.77,2,6,2,2010,25848.0,8287.0,16461.571428571428,25410,24692.0,-718.0,0.97,Stockout Risk,Increase replenishment,Estimated from recent demand; Online Retail II has no stock snapshots
2010-06-10,9683,18308.72,3,6,2,2010,25410.0,11808.0,18907.714285714286,9683,28362.0,18679.0,2.93,Overstock Risk,Reduce replenishment / promotional action,Estimated from recent demand; Online Retail II has no stock snapshots
2010-06-11,21405,37676.65,4,6,2,2010,9683.0,17585.0,18604.14285714286,21405,27906.0,6501.0,1.3,Healthy,Maintain current inventory,Estimated from recent demand; Online Retail II has no stock snapshots
2010-06-13,11120,21430.49,6,6,2,2010,21405.0,8167.0,19149.85714285714,11120,28725.0,17605.0,2.58,Overstock Risk,Reduce replenishment / promotional action,Estimated from recent demand; Online Retail II has no stock snapshots
2010-06-14,16206,24304.27,0,6,2,2010,11120.0,14079.0,19571.714285714286,16206,29358.0,13152.0,1.81,Healthy,Maintain current inventory,Estimated from recent demand; Online Retail II has no stock snapshots
2010-06-15,19496,30506.86,1,6,2,2010,16206.0,29457.0,19875.571428571428,19496,29813.0,10317.0,1.53,Healthy,Maintain current inventory,Estimated from recent demand; Online Retail II has no stock snapshots
2010-06-16,18986,31259.329999999998,2,6,2,2010,19496.0,25848.0,18452.571428571428,18986,27679.0,8693.0,1.46,Healthy,Maintain current inventory,Estimated from recent demand; Online Retail II has no stock snapshots
2010-06-17,13238,58048.51,3,6,2,2010,18986.0,25410.0,17472.285714285714,13238,26208.0,12970.0,1.98,Healthy,Maintain current inventory,Estimated from recent demand; Online Retail II has no stock snapshots
2010-06-18,9608,18789.03,4,6,2,2010,13238.0,9683.0,15733.42857142857,9608,23600.0,13992.0,2.46,Overstock Risk,Reduce replenishment / promotional action,Estimated from recent demand; Online Retail II has no stock snapshots
2010-06-20,4487,9078.58,6,6,2,2010,9608.0,21405.0,15722.714285714286,4487,23584.0,19097.0,5.26,Overstock Risk,Reduce replenishment / promotional action,Estimated from recent demand; Online Retail II has no stock snapshots
2010-06-21,12061,21029.62,0,6,2,2010,4487.0,11120.0,13305.857142857143,12061,19959.0,7898.0,1.65,Healthy,Maintain current inventory,Estimated from recent demand; Online Retail II has no stock snapshots
2010-06-22,6978,14732.58,1,6,2,2010,12061.0,16206.0,13440.285714285714,6978,20160.0,13182.0,2.89,Overstock Risk,Reduce replenishment / promotional action,Estimated from recent demand; Online Retail II has no stock snapshots
2010-06-23,16258,27848.74,2,6,2,2010,6978.0,19496.0,12122.0,16258,18183.0,1925.0,1.12,Healthy,Maintain current inventory,Estimated from recent demand; Online Retail II has no stock snapshots
2010-06-24,11306,26678.78,3,6,2,2010,16258.0,18986.0,11659.42857142857,11306,17489.0,6183.0,1.55,Healthy,Maintain current inventory,Estimated from recent demand; Online Retail II has no stock snapshots
2010-06-25,7997,17713.37,4,6,2,2010,11306.0,13238.0,10562.285714285714,7997,15843.0,7846.0,1.98,Healthy,Maintain current inventory,Estimated from recent demand; Online Retail II has no stock snapshots
2010-06-27,10851,18706.92,6,6,2,2010,7997.0,9608.0,9813.57142857143,10851,14720.0,3869.0,1.36,Healthy,Maintain current inventory,Estimated from recent demand; Online Retail II has no stock snapshots
2010-06-28,34536,53860.729999999996,0,6,2,2010,10851.0,4487.0,9991.142857142857,34536,14987.0,-19549.0,0.43,Stockout Risk,Increase replenishment,Estimated from recent demand; Online Retail II has no stock snapshots
2010-06-29,20923,34957.49,1,6,2,2010,34536.0,12061.0,14283.857142857143,20923,21426.0,503.0,1.02,Healthy,Maintain current inventory,Estimated from recent demand; Online Retail II has no stock snapshots
2010-06-30,21040,34611.66,2,6,2,2010,20923.0,6978.0,15549.857142857143,21040,23325.0,2285.0,1.11,Healthy,Maintain current inventory,Estimated from recent demand; Online Retail II has no stock snapshots
2010-07-01,16493,30179.58,3,7,3,2010,21040.0,16258.0,17558.714285714286,16493,26338.0,9845.0,1.6,Healthy,Maintain current inventory,Estimated from recent demand; Online Retail II has no stock snapshots
2010-07-02,8709,16841.170000000002,4,7,3,2010,16493.0,11306.0,17592.285714285714,8709,26388.0,17679.0,3.03,Overstock Risk,Reduce replenishment / promotional action,Estimated from recent demand; Online Retail II has no stock snapshots
2010-07-04,5302,10376.29,6,7,3,2010,8709.0,7997.0,17221.285714285714,5302,25832.0,20530.0,4.87,Overstock Risk,Reduce replenishment / promotional action,Estimated from recent demand; Online Retail II has no stock snapshots
2010-07-05,16630,32789.4,0,7,3,2010,5302.0,10851.0,16836.285714285714,16630,25254.0,8624.0,1.52,Healthy,Maintain current inventory,Estimated from recent demand; Online Retail II has no stock snapshots
2010-07-06,11962,23500.04,1,7,3,2010,16630.0,34536.0,17661.85714285714,11962,26493.0,14531.0,2.21,Overstock Risk,Reduce replenishment / promotional action,Estimated from recent demand; Online Retail II has no stock snapshots
2010-07-07,14692,32201.52,2,7,3,2010,11962.0,20923.0,14437.0,14692,21656.0,6964.0,1.47,Healthy,Maintain current inventory,Estimated from recent demand; Online Retail II has no stock snapshots
2010-07-08,11756,20254.39,3,7,3,2010,14692.0,21040.0,13546.857142857143,11756,20320.0,8564.0,1.73,Healthy,Maintain current inventory,Estimated from recent demand; Online Retail II has no stock snapshots
2010-07-09,14072,37263.04,4,7,3,2010,11756.0,16493.0,12220.57142857143,14072,18331.0,4259.0,1.3,Healthy,Maintain current inventory,Estimated from recent demand; Online Retail II has no stock snapshots
2010-07-11,5806,7784.95,6,7,3,2010,14072.0,8709.0,11874.714285714286,5806,17812.0,12006.0,3.07,Overstock Risk,Reduce replenishment / promotional action,Estimated from recent demand; Online Retail II has no stock snapshots
2010-07-12,9721,19727.37,0,7,3,2010,5806.0,5302.0,11460.0,9721,17190.0,7469.0,1.77,Healthy,Maintain current inventory,Estimated from recent demand; Online Retail II has no stock snapshots
2010-07-13,10045,21011.75,1,7,3,2010,9721.0,16630.0,12091.285714285714,10045,18137.0,8092.0,1.81,Healthy,Maintain current inventory,Estimated from recent demand; Online Retail II has no stock snapshots
2010-07-14,13384,23775.72,2,7,3,2010,10045.0,11962.0,11150.57142857143,13384,16726.0,3342.0,1.25,Healthy,Maintain current inventory,Estimated from recent demand; Online Retail II has no stock snapshots
2010-07-15,27819,56511.97,3,7,3,2010,13384.0,14692.0,11353.714285714286,27819,17031.0,-10788.0,0.61,Stockout Risk,Increase replenishment,Estimated from recent demand; Online Retail II has no stock snapshots
2010-07-16,14312,22593.19,4,7,3,2010,27819.0,11756.0,13229.0,14312,19844.0,5532.0,1.39,Healthy,Maintain current inventory,Estimated from recent demand; Online Retail II has no stock snapshots
2010-07-18,9646,15149.84,6,7,3,2010,14312.0,14072.0,13594.142857142857,9646,20391.0,10745.0,2.11,Overstock Risk,Reduce replenishment / promotional action,Estimated from recent demand; Online Retail II has no stock snapshots
2010-07-19,18535,30532.75,0,7,3,2010,9646.0,5806.0,12961.857142857143,18535,19443.0,908.0,1.05,Healthy,Maintain current inventory,Estimated from recent demand; Online Retail II has no stock snapshots
2010-07-20,12099,24760.27,1,7,3,2010,18535.0,9721.0,14780.285714285714,12099,22170.0,10071.0,1.83,Healthy,Maintain current inventory,Estimated from recent demand; Online Retail II has no stock snapshots
2010-07-21,13174,22367.31,2,7,3,2010,12099.0,10045.0,15120.0,13174,22680.0,9506.0,1.72,Healthy,Maintain current inventory,Estimated from recent demand; Online Retail II has no stock snapshots
2010-07-22,13939,26809.3,3,7,3,2010,13174.0,13384.0,15567.0,13939,23350.0,9411.0,1.68,Healthy,Maintain current inventory,Estimated from recent demand; Online Retail II has no stock snapshots
2010-07-23,13371,25865.97,4,7,3,2010,13939.0,27819.0,15646.285714285714,13371,23469.0,10098.0,1.76,Healthy,Maintain current inventory,Estimated from recent demand; Online Retail II has no stock snapshots
2010-07-25,11531,17230.6,6,7,3,2010,13371.0,14312.0,13582.285714285714,11531,20373.0,8842.0,1.77,Healthy,Maintain current inventory,Estimated from recent demand; Online Retail II has no stock snapshots
2010-07-26,15011,25092.38,0,7,3,2010,11531.0,9646.0,13185.0,15011,19778.0,4767.0,1.32,Healthy,Maintain current inventory,Estimated from recent demand; Online Retail II has no stock snapshots
2010-07-27,14315,28462.87,1,7,3,2010,15011.0,18535.0,13951.42857142857,14315,20927.0,6612.0,1.46,Healthy,Maintain current inventory,Estimated from recent demand; Online Retail II has no stock snapshots
2010-07-28,13365,23308.12,2,7,3,2010,14315.0,12099.0,13348.57142857143,13365,20023.0,6658.0,1.5,Healthy,Maintain current inventory,Estimated from recent demand; Online Retail II has no stock snapshots
2010-07-29,13763,38300.82,3,7,3,2010,13365.0,13174.0,13529.42857142857,13763,20294.0,6531.0,1.47,Healthy,Maintain current inventory,Estimated from recent demand; Online Retail II has no stock snapshots
2010-07-30,8443,16119.66,4,7,3,2010,13763.0,13939.0,13613.57142857143,8443,20420.0,11977.0,2.42,Overstock Risk,Reduce replenishment / promotional action,Estimated from recent demand; Online Retail II has no stock snapshots
2010-08-01,9702,30637.95,6,8,3,2010,8443.0,13371.0,12828.42857142857,9702,19243.0,9541.0,1.98,Healthy,Maintain current inventory,Estimated from recent demand; Online Retail II has no stock snapshots
2010-08-02,11871,28908.78,0,8,3,2010,9702.0,11531.0,12304.285714285714,11871,18456.0,6585.0,1.55,Healthy,Maintain current inventory,Estimated from recent demand; Online Retail II has no stock snapshots
2010-08-03,16330,26918.11,1,8,3,2010,11871.0,15011.0,12352.857142857143,16330,18529.0,2199.0,1.13,Healthy,Maintain current inventory,Estimated from recent demand; Online Retail II has no stock snapshots
2010-08-04,11740,21386.31,2,8,3,2010,16330.0,14315.0,12541.285714285714,11740,18812.0,7072.0,1.6,Healthy,Maintain current inventory,Estimated from recent demand; Online Retail II has no stock snapshots
2010-08-05,16828,24406.15,3,8,3,2010,11740.0,13365.0,12173.42857142857,16828,18260.0,1432.0,1.09,Healthy,Maintain current inventory,Estimated from recent demand; Online Retail II has no stock snapshots
2010-08-06,9923,15204.2,4,8,3,2010,16828.0,13763.0,12668.142857142857,9923,19002.0,9079.0,1.91,Healthy,Maintain current inventory,Estimated from recent demand; Online Retail II has no stock snapshots
2010-08-08,8120,13962.51,6,8,3,2010,9923.0,8443.0,12119.57142857143,8120,18179.0,10059.0,2.24,Overstock Risk,Reduce replenishment / promotional action,Estimated from recent demand; Online Retail II has no stock snapshots
2010-08-09,100224,31692.27,0,8,3,2010,8120.0,9702.0,12073.42857142857,100224,18110.0,-82114.0,0.18,Stockout Risk,Increase replenishment,Estimated from recent demand; Online Retail II has no stock snapshots
2010-08-10,20053,35749.67,1,8,3,2010,100224.0,11871.0,25005.14285714286,20053,37508.0,17455.0,1.87,Healthy,Maintain current inventory,Estimated from recent demand; Online Retail II has no stock snapshots
2010-08-11,8197,23674.57,2,8,3,2010,20053.0,16330.0,26174.0,8197,39261.0,31064.0,4.79,Overstock Risk,Reduce replenishment / promotional action,Estimated from recent demand; Online Retail II has no stock snapshots
2010-08-12,18216,29023.06,3,8,3,2010,8197.0,11740.0,25012.14285714286,18216,37518.0,19302.0,2.06,Overstock Risk,Reduce replenishment / promotional action,Estimated from recent demand; Online Retail II has no stock snapshots
2010-08-13,18159,37283.95,4,8,3,2010,18216.0,16828.0,25937.285714285714,18159,38906.0,20747.0,2.14,Overstock Risk,Reduce replenishment / promotional action,Estimated from recent demand; Online Retail II has no stock snapshots
2010-08-15,17333,22161.18,6,8,3,2010,18159.0,9923.0,26127.428571428572,17333,39191.0,21858.0,2.26,Overstock Risk,Reduce replenishment / promotional action,Estimated from recent demand; Online Retail II has no stock snapshots
2010-08-16,11080,20809.6,0,8,3,2010,17333.0,8120.0,27186.0,11080,40779.0,29699.0,3.68,Overstock Risk,Reduce replenishment / promotional action,Estimated from recent demand; Online Retail II has no stock snapshots
2010-08-17,18400,30377.13,1,8,3,2010,11080.0,100224.0,27608.85714285714,18400,41413.0,23013.0,2.25,Overstock Risk,Reduce replenishment / promotional action,Estimated from recent demand; Online Retail II has no stock snapshots
2010-08-18,22851,37128.55,2,8,3,2010,18400.0,20053.0,15919.714285714286,22851,23880.0,1029.0,1.05,Healthy,Maintain current inventory,Estimated from recent demand; Online Retail II has no stock snapshots
2010-08-19,22520,32973.66,3,8,3,2010,22851.0,8197.0,16319.42857142857,22520,24479.0,1959.0,1.09,Healthy,Maintain current inventory,Estimated from recent demand; Online Retail II has no stock snapshots
2010-08-20,19177,25537.19,4,8,3,2010,22520.0,18216.0,18365.571428571428,19177,27548.0,8371.0,1.44,Healthy,Maintain current inventory,Estimated from recent demand; Online Retail II has no stock snapshots
2010-08-22,13884,22677.01,6,8,3,2010,19177.0,18159.0,18502.85714285714,13884,27754.0,13870.0,2.0,Healthy,Maintain current inventory,Estimated from recent demand; Online Retail II has no stock snapshots
2010-08-23,13251,21891.58,0,8,3,2010,13884.0,17333.0,17892.14285714286,13251,26838.0,13587.0,2.03,Overstock Risk,Reduce replenishment / promotional action,Estimated from recent demand; Online Retail II has no stock snapshots
2010-08-24,19081,27450.06,1,8,3,2010,13251.0,11080.0,17309.0,19081,25964.0,6883.0,1.36,Healthy,Maintain current inventory,Estimated from recent demand; Online Retail II has no stock snapshots
2010-08-25,17575,31651.98,2,8,3,2010,19081.0,18400.0,18452.0,17575,27678.0,10103.0,1.57,Healthy,Maintain current inventory,Estimated from recent demand; Online Retail II has no stock snapshots
2010-08-26,17607,35255.41,3,8,3,2010,17575.0,22851.0,18334.14285714286,17607,27501.0,9894.0,1.56,Healthy,Maintain current inventory,Estimated from recent demand; Online Retail II has no stock snapshots
2010-08-27,7316,18128.99,4,8,3,2010,17607.0,22520.0,17585.0,7316,26378.0,19062.0,3.61,Overstock Risk,Reduce replenishment / promotional action,Estimated from recent demand; Online Retail II has no stock snapshots
2010-08-29,8766,14449.3,6,8,3,2010,7316.0,19177.0,15413.0,8766,23120.0,14354.0,2.64,Overstock Risk,Reduce replenishment / promotional action,Estimated from recent demand; Online Retail II has no stock snapshots
2010-08-31,14176,35912.74,1,8,3,2010,8766.0,13884.0,13925.714285714286,14176,20889.0,6713.0,1.47,Healthy,Maintain current inventory,Estimated from recent demand; Online Retail II has no stock snapshots
2010-09-01,12910,23331.9,2,9,3,2010,14176.0,13251.0,13967.42857142857,12910,20951.0,8041.0,1.62,Healthy,Maintain current inventory,Estimated from recent demand; Online Retail II has no stock snapshots
2010-09-02,21964,36441.07,3,9,3,2010,12910.0,19081.0,13918.714285714286,21964,20878.0,-1086.0,0.95,Stockout Risk,Increase replenishment,Estimated from recent demand; Online Retail II has no stock snapshots
2010-09-03,31223,37214.19,4,9,3,2010,21964.0,17575.0,14330.57142857143,31223,21496.0,-9727.0,0.69,Stockout Risk,Increase replenishment,Estimated from recent demand; Online Retail II has no stock snapshots
2010-09-05,7222,12286.710000000001,6,9,3,2010,31223.0,17607.0,16280.285714285714,7222,24420.0,17198.0,3.38,Overstock Risk,Reduce replenishment / promotional action,Estimated from recent demand; Online Retail II has no stock snapshots
2010-09-06,16208,28770.4,0,9,3,2010,7222.0,7316.0,14796.714285714286,16208,22195.0,5987.0,1.37,Healthy,Maintain current inventory,Estimated from recent demand; Online Retail II has no stock snapshots
2010-09-07,15746,27488.26,1,9,3,2010,16208.0,8766.0,16067.0,15746,24100.0,8354.0,1.53,Healthy,Maintain current inventory,Estimated from recent demand; Online Retail II has no stock snapshots
2010-09-08,10208,17601.46,2,9,3,2010,15746.0,14176.0,17064.14285714286,10208,25596.0,15388.0,2.51,Overstock Risk,Reduce replenishment / promotional action,Estimated from recent demand; Online Retail II has no stock snapshots
2010-09-09,13200,25691.89,3,9,3,2010,10208.0,12910.0,16497.285714285714,13200,24746.0,11546.0,1.87,Healthy,Maintain current inventory,Estimated from recent demand; Online Retail II has no stock snapshots
2010-09-10,10430,17604.47,4,9,3,2010,13200.0,21964.0,16538.714285714286,10430,24808.0,14378.0,2.38,Overstock Risk,Reduce replenishment / promotional action,Estimated from recent demand; Online Retail II has no stock snapshots
2010-09-12,9278,15528.75,6,9,3,2010,10430.0,31223.0,14891.0,9278,22336.0,13058.0,2.41,Overstock Risk,Reduce replenishment / promotional action,Estimated from recent demand; Online Retail II has no stock snapshots
2010-09-13,28405,38362.18,0,9,3,2010,9278.0,7222.0,11756.0,28405,17634.0,-10771.0,0.62,Stockout Risk,Increase replenishment,Estimated from recent demand; Online Retail II has no stock snapshots
2010-09-14,11384,21209.26,1,9,3,2010,28405.0,16208.0,14782.142857142857,11384,22173.0,10789.0,1.95,Healthy,Maintain current inventory,Estimated from recent demand; Online Retail II has no stock snapshots
2010-09-15,21473,34799.62,2,9,3,2010,11384.0,15746.0,14093.0,21473,21140.0,-333.0,0.98,Stockout Risk,Increase replenishment,Estimated from recent demand; Online Retail II has no stock snapshots
2010-09-16,14418,40358.820999999996,3,9,3,2010,21473.0,10208.0,14911.142857142857,14418,22367.0,7949.0,1.55,Healthy,Maintain current inventory,Estimated from recent demand; Online Retail II has no stock snapshots
2010-09-17,11843,21439.92,4,9,3,2010,14418.0,13200.0,15512.57142857143,11843,23269.0,11426.0,1.96,Healthy,Maintain current inventory,Estimated from recent demand; Online Retail II has no stock snapshots
2010-09-19,13697,22895.33,6,9,3,2010,11843.0,10430.0,15318.714285714286,13697,22978.0,9281.0,1.68,Healthy,Maintain current inventory,Estimated from recent demand; Online Retail II has no stock snapshots
2010-09-20,25067,43878.5,0,9,3,2010,13697.0,9278.0,15785.42857142857,25067,23678.0,-1389.0,0.94,Stockout Risk,Increase replenishment,Estimated from recent demand; Online Retail II has no stock snapshots
2010-09-21,37072,62499.11,1,9,3,2010,25067.0,28405.0,18041.0,37072,27062.0,-10010.0,0.73,Stockout Risk,Increase replenishment,Estimated from recent demand; Online Retail II has no stock snapshots
2010-09-22,14626,30571.48,2,9,3,2010,37072.0,11384.0,19279.14285714286,14626,28919.0,14293.0,1.98,Healthy,Maintain current inventory,Estimated from recent demand; Online Retail II has no stock snapshots
2010-09-23,21377,36202.41,3,9,3,2010,14626.0,21473.0,19742.285714285714,21377,29613.0,8236.0,1.39,Healthy,Maintain current inventory,Estimated from recent demand; Online Retail II has no stock snapshots
2010-09-24,28035,50457.26,4,9,3,2010,21377.0,14418.0,19728.571428571428,28035,29593.0,1558.0,1.06,Healthy,Maintain current inventory,Estimated from recent demand; Online Retail II has no stock snapshots
2010-09-26,13385,21751.15,6,9,3,2010,28035.0,11843.0,21673.85714285714,13385,32511.0,19126.0,2.43,Overstock Risk,Reduce replenishment / promotional action,Estimated from recent demand; Online Retail II has no stock snapshots
2010-09-27,125489,118838.47,0,9,3,2010,13385.0,13697.0,21894.14285714286,125489,32841.0,-92648.0,0.26,Stockout Risk,Increase replenishment,Estimated from recent demand; Online Retail II has no stock snapshots
2010-09-28,23634,46361.4,1,9,3,2010,125489.0,25067.0,37864.42857142857,23634,56797.0,33163.0,2.4,Overstock Risk,Reduce replenishment / promotional action,Estimated from recent demand; Online Retail II has no stock snapshots
2010-09-29,20736,38634.22,2,9,3,2010,23634.0,37072.0,37659.71428571428,20736,56490.0,35754.0,2.72,Overstock Risk,Reduce replenishment / promotional action,Estimated from recent demand; Online Retail II has no stock snapshots
2010-09-30,24834,51478.76,3,9,3,2010,20736.0,14626.0,35326.0,24834,52989.0,28155.0,2.13,Overstock Risk,Reduce replenishment / promotional action,Estimated from recent demand; Online Retail II has no stock snapshots
2010-10-01,22213,38654.61,4,10,4,2010,24834.0,21377.0,36784.28571428572,22213,55176.0,32963.0,2.48,Overstock Risk,Reduce replenishment / promotional action,Estimated from recent demand; Online Retail II has no stock snapshots
2010-10-03,20343,38474.71,6,10,4,2010,22213.0,28035.0,36903.71428571428,20343,55356.0,35013.0,2.72,Overstock Risk,Reduce replenishment / promotional action,Estimated from recent demand; Online Retail II has no stock snapshots
2010-10-04,23529,39336.53,0,10,4,2010,20343.0,13385.0,35804.857142857145,23529,53707.0,30178.0,2.28,Overstock Risk,Reduce replenishment / promotional action,Estimated from recent demand; Online Retail II has no stock snapshots
2010-10-05,34855,84825.58,1,10,4,2010,23529.0,125489.0,37254.0,34855,55881.0,21026.0,1.6,Healthy,Maintain current inventory,Estimated from recent demand; Online Retail II has no stock snapshots
2010-10-06,21884,30812.44,2,10,4,2010,34855.0,23634.0,24306.285714285714,21884,36459.0,14575.0,1.67,Healthy,Maintain current inventory,Estimated from recent demand; Online Retail II has no stock snapshots
2010-10-07,30072,54313.44,3,10,4,2010,21884.0,20736.0,24056.285714285714,30072,36084.0,6012.0,1.2,Healthy,Maintain current inventory,Estimated from recent demand; Online Retail II has no stock snapshots
2010-10-08,41441,60283.5,4,10,4,2010,30072.0,24834.0,25390.0,41441,38085.0,-3356.0,0.92,Stockout Risk,Increase replenishment,Estimated from recent demand; Online Retail II has no stock snapshots
2010-10-10,12414,23146.51,6,10,4,2010,41441.0,22213.0,27762.428571428572,12414,41644.0,29230.0,3.35,Overstock Risk,Reduce replenishment / promotional action,Estimated from recent demand; Online Retail II has no stock snapshots
2010-10-11,24913,43428.66,0,10,4,2010,12414.0,20343.0,26362.571428571428,24913,39544.0,14631.0,1.59,Healthy,Maintain current inventory,Estimated from recent demand; Online Retail II has no stock snapshots
2010-10-12,29531,49933.33,1,10,4,2010,24913.0,23529.0,27015.428571428572,29531,40523.0,10992.0,1.37,Healthy,Maintain current inventory,Estimated from recent demand; Online Retail II has no stock snapshots
2010-10-13,40097,57672.89,2,10,4,2010,29531.0,34855.0,27872.85714285714,40097,41809.0,1712.0,1.04,Healthy,Maintain current inventory,Estimated from recent demand; Online Retail II has no stock snapshots
2010-10-14,37123,87417.94,3,10,4,2010,40097.0,21884.0,28621.714285714286,37123,42933.0,5810.0,1.16,Healthy,Maintain current inventory,Estimated from recent demand; Online Retail II has no stock snapshots
2010-10-15,22350,54812.26,4,10,4,2010,37123.0,30072.0,30798.714285714286,22350,46198.0,23848.0,2.07,Overstock Risk,Reduce replenishment / promotional action,Estimated from recent demand; Online Retail II has no stock snapshots
2010-10-17,18978,33093.14,6,10,4,2010,22350.0,41441.0,29695.571428571428,18978,44543.0,25565.0,2.35,Overstock Risk,Reduce replenishment / promotional action,Estimated from recent demand; Online Retail II has no stock snapshots
2010-10-18,19725,41423.58,0,10,4,2010,18978.0,12414.0,26486.571428571428,19725,39730.0,20005.0,2.01,Overstock Risk,Reduce replenishment / promotional action,Estimated from recent demand; Online Retail II has no stock snapshots
2010-10-19,27244,50020.090000000004,1,10,4,2010,19725.0,24913.0,27531.0,27244,41296.0,14052.0,1.52,Healthy,Maintain current inventory,Estimated from recent demand; Online Retail II has no stock snapshots
2010-10-20,24039,45639.82,2,10,4,2010,27244.0,29531.0,27864.0,24039,41796.0,17757.0,1.74,Healthy,Maintain current inventory,Estimated from recent demand; Online Retail II has no stock snapshots
2010-10-21,17798,39004.08,3,10,4,2010,24039.0,40097.0,27079.428571428572,17798,40619.0,22821.0,2.28,Overstock Risk,Reduce replenishment / promotional action,Estimated from recent demand; Online Retail II has no stock snapshots
2010-10-22,23118,41053.29,4,10,4,2010,17798.0,37123.0,23893.85714285714,23118,35841.0,12723.0,1.55,Healthy,Maintain current inventory,Estimated from recent demand; Online Retail II has no stock snapshots
2010-10-24,15445,28639.54,6,10,4,2010,23118.0,22350.0,21893.14285714286,15445,32840.0,17395.0,2.13,Overstock Risk,Reduce replenishment / promotional action,Estimated from recent demand; Online Retail II has no stock snapshots
2010-10-25,14485,29434.97,0,10,4,2010,15445.0,18978.0,20906.714285714286,14485,31360.0,16875.0,2.16,Overstock Risk,Reduce replenishment / promotional action,Estimated from recent demand; Online Retail II has no stock snapshots
2010-10-26,25974,45948.56,1,10,4,2010,14485.0,19725.0,20264.85714285714,25974,30397.0,4423.0,1.17,Healthy,Maintain current inventory,Estimated from recent demand; Online Retail II has no stock snapshots
2010-10-27,16197,32925.5,2,10,4,2010,25974.0,27244.0,21157.571428571428,16197,31736.0,15539.0,1.96,Healthy,Maintain current inventory,Estimated from recent demand; Online Retail II has no stock snapshots
2010-10-28,14298,34420.25,3,10,4,2010,16197.0,24039.0,19579.428571428572,14298,29369.0,15071.0,2.05,Overstock Risk,Reduce replenishment / promotional action,Estimated from recent demand; Online Retail II has no stock snapshots
2010-10-29,25578,47226.31,4,10,4,2010,14298.0,17798.0,18187.85714285714,25578,27282.0,1704.0,1.07,Healthy,Maintain current inventory,Estimated from recent demand; Online Retail II has no stock snapshots
2010-10-31,16352,29960.69,6,10,4,2010,25578.0,23118.0,19299.285714285714,16352,28949.0,12597.0,1.77,Healthy,Maintain current inventory,Estimated from recent demand; Online Retail II has no stock snapshots
2010-11-01,14127,29540.88,0,11,4,2010,16352.0,15445.0,18332.714285714286,14127,27499.0,13372.0,1.95,Healthy,Maintain current inventory,Estimated from recent demand; Online Retail II has no stock snapshots
2010-11-02,24166,44949.16,1,11,4,2010,14127.0,14485.0,18144.428571428572,24166,27217.0,3051.0,1.13,Healthy,Maintain current inventory,Estimated from recent demand; Online Retail II has no stock snapshots
2010-11-03,23637,45352.54,2,11,4,2010,24166.0,25974.0,19527.428571428572,23637,29291.0,5654.0,1.24,Healthy,Maintain current inventory,Estimated from recent demand; Online Retail II has no stock snapshots
2010-11-04,60269,89585.63,3,11,4,2010,23637.0,16197.0,19193.571428571428,60269,28790.0,-31479.0,0.48,Stockout Risk,Increase replenishment,Estimated from recent demand; Online Retail II has no stock snapshots
2010-11-05,22449,46566.95,4,11,4,2010,60269.0,14298.0,25489.571428571428,22449,38234.0,15785.0,1.7,Healthy,Maintain current inventory,Estimated from recent demand; Online Retail II has no stock snapshots
2010-11-07,18428,31541.1,6,11,4,2010,22449.0,25578.0,26654.0,18428,39981.0,21553.0,2.17,Overstock Risk,Reduce replenishment / promotional action,Estimated from recent demand; Online Retail II has no stock snapshots
2010-11-08,32397,90826.501,0,11,4,2010,18428.0,16352.0,25632.571428571428,32397,38449.0,6052.0,1.19,Healthy,Maintain current inventory,Estimated from recent demand; Online Retail II has no stock snapshots
2010-11-09,35361,66091.24,1,11,4,2010,32397.0,14127.0,27924.714285714286,35361,41887.0,6526.0,1.18,Healthy,Maintain current inventory,Estimated from recent demand; Online Retail II has no stock snapshots
2010-11-10,35184,79992.41,2,11,4,2010,35361.0,24166.0,30958.14285714286,35184,46437.0,11253.0,1.32,Healthy,Maintain current inventory,Estimated from recent demand; Online Retail II has no stock snapshots
2010-11-11,34397,64114.18,3,11,4,2010,35184.0,23637.0,32532.14285714286,34397,48798.0,14401.0,1.42,Healthy,Maintain current inventory,Estimated from recent demand; Online Retail II has no stock snapshots
2010-11-12,23217,50806.23,4,11,4,2010,34397.0,60269.0,34069.28571428572,23217,51104.0,27887.0,2.2,Overstock Risk,Reduce replenishment / promotional action,Estimated from recent demand; Online Retail II has no stock snapshots
2010-11-14,17295,28950.46,6,11,4,2010,23217.0,22449.0,28776.14285714286,17295,43164.0,25869.0,2.5,Overstock Risk,Reduce replenishment / promotional action,Estimated from recent demand; Online Retail II has no stock snapshots
2010-11-15,37969,104910.96,0,11,4,2010,17295.0,18428.0,28039.85714285714,37969,42060.0,4091.0,1.11,Healthy,Maintain current inventory,Estimated from recent demand; Online Retail II has no stock snapshots
2010-11-16,39307,72858.71,1,11,4,2010,37969.0,32397.0,30831.428571428572,39307,46247.0,6940.0,1.18,Healthy,Maintain current inventory,Estimated from recent demand; Online Retail II has no stock snapshots
2010-11-17,28549,51468.871,2,11,4,2010,39307.0,35361.0,31818.571428571428,28549,47728.0,19179.0,1.67,Healthy,Maintain current inventory,Estimated from recent demand; Online Retail II has no stock snapshots
2010-11-18,21366,44906.07,3,11,4,2010,28549.0,35184.0,30845.428571428572,21366,46268.0,24902.0,2.17,Overstock Risk,Reduce replenishment / promotional action,Estimated from recent demand; Online Retail II has no stock snapshots
2010-11-19,25313,47814.41,4,11,4,2010,21366.0,34397.0,28871.428571428572,25313,43307.0,17994.0,1.71,Healthy,Maintain current inventory,Estimated from recent demand; Online Retail II has no stock snapshots
2010-11-21,17985,32056.05,6,11,4,2010,25313.0,23217.0,27573.714285714286,17985,41361.0,23376.0,2.3,Overstock Risk,Reduce replenishment / promotional action,Estimated from recent demand; Online Retail II has no stock snapshots
2010-11-22,19775,43155.91,0,11,4,2010,17985.0,17295.0,26826.285714285714,19775,40239.0,20464.0,2.03,Overstock Risk,Reduce replenishment / promotional action,Estimated from recent demand; Online Retail II has no stock snapshots
2010-11-23,26947,58356.99,1,11,4,2010,19775.0,37969.0,27180.571428571428,26947,40771.0,13824.0,1.51,Healthy,Maintain current inventory,Estimated from recent demand; Online Retail II has no stock snapshots
2010-11-24,28754,61666.06,2,11,4,2010,26947.0,39307.0,25606.0,28754,38409.0,9655.0,1.34,Healthy,Maintain current inventory,Estimated from recent demand; Online Retail II has no stock snapshots
2010-11-25,38054,72282.86,3,11,4,2010,28754.0,28549.0,24098.428571428572,38054,36148.0,-1906.0,0.95,Stockout Risk,Increase replenishment,Estimated from recent demand; Online Retail II has no stock snapshots
2010-11-26,17394,40403.51,4,11,4,2010,38054.0,21366.0,25456.285714285714,17394,38184.0,20790.0,2.2,Overstock Risk,Reduce replenishment / promotional action,Estimated from recent demand; Online Retail II has no stock snapshots
2010-11-28,16298,27132.760000000002,6,11,4,2010,17394.0,25313.0,24888.85714285714,16298,37333.0,21035.0,2.29,Overstock Risk,Reduce replenishment / promotional action,Estimated from recent demand; Online Retail II has no stock snapshots
2010-11-29,39991,79083.96,0,11,4,2010,16298.0,17985.0,23601.0,39991,35402.0,-4589.0,0.89,Stockout Risk,Increase replenishment,Estimated from recent demand; Online Retail II has no stock snapshots
2010-11-30,26532,59878.74,1,11,4,2010,39991.0,19775.0,26744.714285714286,26532,40117.0,13585.0,1.51,Healthy,Maintain current inventory,Estimated from recent demand; Online Retail II has no stock snapshots
2010-12-01,26818,58776.79,2,12,4,2010,26532.0,26947.0,27710.0,26818,41565.0,14747.0,1.55,Healthy,Maintain current inventory,Estimated from recent demand; Online Retail II has no stock snapshots
2010-12-02,31264,47629.42,3,12,4,2010,26818.0,28754.0,27691.571428571428,31264,41537.0,10273.0,1.33,Healthy,Maintain current inventory,Estimated from recent demand; Online Retail II has no stock snapshots
2010-12-03,16158,46898.63,4,12,4,2010,31264.0,38054.0,28050.14285714286,16158,42075.0,25917.0,2.6,Overstock Risk,Reduce replenishment / promotional action,Estimated from recent demand; Online Retail II has no stock snapshots
2010-12-05,16242,31364.63,6,12,4,2010,16158.0,17394.0,24922.14285714286,16242,37383.0,21141.0,2.3,Overstock Risk,Reduce replenishment / promotional action,Estimated from recent demand; Online Retail II has no stock snapshots
2010-12-06,21619,54624.15,0,12,4,2010,16242.0,16298.0,24757.571428571428,21619,37136.0,15517.0,1.72,Healthy,Maintain current inventory,Estimated from recent demand; Online Retail II has no stock snapshots
2010-12-07,25180,99553.85,1,12,4,2010,21619.0,39991.0,25517.714285714286,25180,38277.0,13097.0,1.52,Healthy,Maintain current inventory,Estimated from recent demand; Online Retail II has no stock snapshots
2010-12-08,23041,45235.36,2,12,4,2010,25180.0,26532.0,23401.85714285714,23041,35103.0,12062.0,1.52,Healthy,Maintain current inventory,Estimated from recent demand; Online Retail II has no stock snapshots
2010-12-09,19898,53548.19,3,12,4,2010,23041.0,26818.0,22903.14285714286,19898,34355.0,14457.0,1.73,Healthy,Maintain current inventory,Estimated from recent demand; Online Retail II has no stock snapshots
